{
  "No.": 1001,
  "r1": -6829.55096834881,
  "r2": -3987.18121956536,
  "r3": -2614.92358439298,
  "v1": 3.1475800509313,
  "v2": -2.22370703579664,
  "v3": -5.46779995228364
 }